{
    "loss": 74.83720397949219,
    "accuracy": 0.4313725531101227
}