{
    "loss": 21.99135398864746,
    "accuracy": 0.4313725531101227
}