{
    "loss": 0.4251621961593628,
    "accuracy": 0.843137264251709
}