{
    "loss": 60.35287094116211,
    "accuracy": 0.5686274766921997
}