{
    "loss": 1.5455704927444458,
    "accuracy": 0.6666666865348816
}