{
    "loss": 16.483808517456055,
    "accuracy": 0.5686274766921997
}