{
    "loss": 1.6172821521759033,
    "accuracy": 0.7843137383460999
}